INSERT INTO BOOKS.Publishers (Publisher) VALUES ('Dalton Lewis');
INSERT INTO BOOKS.Publishers (Publisher) VALUES ('Macaulay Bryant');
INSERT INTO BOOKS.Publishers (Publisher) VALUES ('Nash Fox');
INSERT INTO BOOKS.Publishers (Publisher) VALUES ('Leonard Bradshaw');
INSERT INTO BOOKS.Publishers (Publisher) VALUES ('Brendan Kramer');
INSERT INTO BOOKS.Publishers (Publisher) VALUES ('Tobias Mosley');
INSERT INTO BOOKS.Publishers (Publisher) VALUES ('Zachary Tate');
INSERT INTO BOOKS.Publishers (Publisher) VALUES ('Derek Lee');
INSERT INTO BOOKS.Publishers (Publisher) VALUES ('Neil Tyson');
INSERT INTO BOOKS.Publishers (Publisher) VALUES ('Shad Robinson');
INSERT INTO BOOKS.Publishers (Publisher) VALUES ('Justin Schroeder');
INSERT INTO BOOKS.Publishers (Publisher) VALUES ('Leonard Atkinson');
INSERT INTO BOOKS.Publishers (Publisher) VALUES ('Hyatt Caldwell');
INSERT INTO BOOKS.Publishers (Publisher) VALUES ('Neil Fletcher');
INSERT INTO BOOKS.Publishers (Publisher) VALUES ('Ferdinand Tucker');
INSERT INTO BOOKS.Publishers (Publisher) VALUES ('Barrett Mclaughlin');
INSERT INTO BOOKS.Publishers (Publisher) VALUES ('Hayden Potts');
INSERT INTO BOOKS.Publishers (Publisher) VALUES ('Neville Cardenas');
INSERT INTO BOOKS.Publishers (Publisher) VALUES ('Allistair Gilbert');
INSERT INTO BOOKS.Publishers (Publisher) VALUES ('Cooper Chapman');

INSERT INTO BOOKS.Authors (Id,FirstName,LastName,Address1,Address2,City,State,PostalCode,Country) VALUES (1,'Oren','Shaffer','900-2273 Integer Avenue','','Farmer City','MD','37032','Cook Islands');
INSERT INTO BOOKS.Authors (Id,FirstName,LastName,Address1,Address2,City,State,PostalCode,Country) VALUES (2,'Octavia','Burke','955-7635 Natoque St.','','Kalispell','MS','66863','Cape Verde');
INSERT INTO BOOKS.Authors (Id,FirstName,LastName,Address1,Address2,City,State,PostalCode,Country) VALUES (3,'Aiko','Stafford','Ap #554-7132 Dictum Street','','Kankakee','ID','59675','Brunei Darussalam');
INSERT INTO BOOKS.Authors (Id,FirstName,LastName,Address1,Address2,City,State,PostalCode,Country) VALUES (4,'Christine','Aguilar','Ap #698-4255 Sodales Av.','','Riverton','MA','24828','Ghana');
INSERT INTO BOOKS.Authors (Id,FirstName,LastName,Address1,Address2,City,State,PostalCode,Country) VALUES (5,'Kenneth','Curry','P.O. Box 305, 8335 Cras St.','','Somersworth','ME','36619','Kazakhstan');
INSERT INTO BOOKS.Authors (Id,FirstName,LastName,Address1,Address2,City,State,PostalCode,Country) VALUES (6,'Lillian','Nieves','P.O. Box 827, 1923 Ornare Avenue','','Sierra Vista','MA','12684','Mali');
INSERT INTO BOOKS.Authors (Id,FirstName,LastName,Address1,Address2,City,State,PostalCode,Country) VALUES (7,'Damian','Donaldson','5047 Eu Rd.','','LaGrange','UT','64681','Thailand');
INSERT INTO BOOKS.Authors (Id,FirstName,LastName,Address1,Address2,City,State,PostalCode,Country) VALUES (8,'Jordan','Woodward','Ap #486-6702 Iaculis Road','','Glen Cove','OH','18011','Libyan Arab Jamahiriya');
INSERT INTO BOOKS.Authors (Id,FirstName,LastName,Address1,Address2,City,State,PostalCode,Country) VALUES (9,'Adele','Holmes','7585 Magna. Ave','','Villa Park','ME','00619','Cayman Islands');
INSERT INTO BOOKS.Authors (Id,FirstName,LastName,Address1,Address2,City,State,PostalCode,Country) VALUES (10,'Jillian','Mckee','1185 Per Ave','','Rapid City','LA','11671','New Caledonia');
INSERT INTO BOOKS.Authors (Id,FirstName,LastName,Address1,Address2,City,State,PostalCode,Country) VALUES (11,'Mikayla','Knight','Ap #375-6798 Auctor St.','','Sault Ste. Marie','CO','26558','Lesotho');
INSERT INTO BOOKS.Authors (Id,FirstName,LastName,Address1,Address2,City,State,PostalCode,Country) VALUES (12,'Denise','Dominguez','324-4875 Vitae Av.','','Hudson','SD','41933','Russian Federation');
INSERT INTO BOOKS.Authors (Id,FirstName,LastName,Address1,Address2,City,State,PostalCode,Country) VALUES (13,'Ira','Dunn','8869 Velit Rd.','','Lincoln','IA','74182','Zambia');
INSERT INTO BOOKS.Authors (Id,FirstName,LastName,Address1,Address2,City,State,PostalCode,Country) VALUES (14,'Elvis','Blevins','Ap #629-9258 In St.','','Abilene','WY','19269','Saint Vincent and The Grenadines');
INSERT INTO BOOKS.Authors (Id,FirstName,LastName,Address1,Address2,City,State,PostalCode,Country) VALUES (15,'Theodore','Gilliam','6293 Enim, Ave','','Baltimore','UT','86549','Saudi Arabia');
INSERT INTO BOOKS.Authors (Id,FirstName,LastName,Address1,Address2,City,State,PostalCode,Country) VALUES (16,'Jared','White','P.O. Box 806, 6212 Adipiscing, Road','','Thibodaux','KS','90172','China');
INSERT INTO BOOKS.Authors (Id,FirstName,LastName,Address1,Address2,City,State,PostalCode,Country) VALUES (17,'Melyssa','Willis','Ap #467-9359 Ipsum Rd.','','Roanoke','OH','45706','Niger');
INSERT INTO BOOKS.Authors (Id,FirstName,LastName,Address1,Address2,City,State,PostalCode,Country) VALUES (18,'Hilary','Marks','Ap #361-1093 Vitae Street','','Fort Lauderdale','ID','10855','Venezuela');
INSERT INTO BOOKS.Authors (Id,FirstName,LastName,Address1,Address2,City,State,PostalCode,Country) VALUES (19,'Frances','Ellis','Ap #458-4569 Sem. Ave','','Durham','MS','50037','Gambia');
INSERT INTO BOOKS.Authors (Id,FirstName,LastName,Address1,Address2,City,State,PostalCode,Country) VALUES (20,'Lenore','Cooley','P.O. Box 937, 3415 Nulla Ave','','Half Moon Bay','OR','51967','Canada');

INSERT INTO BOOKS.Books (Id,Title,Description,Publisherid,Publicationdate,Price) VALUES (1,'Neque. In Ornare Sagittis','Dis Parturient Montes, Nascetur Ridiculus Mus.',18,{d '2000-10-27'},69.99);
INSERT INTO BOOKS.Books (Id,Title,Description,Publisherid,Publicationdate,Price) VALUES (2,'Duis Dignissim Tempor Arcu.','Eu, Euismod Ac, Fermentum Vel,',20,{d '2002-05-09'},27.99);
INSERT INTO BOOKS.Books (Id,Title,Description,Publisherid,Publicationdate,Price) VALUES (3,'Lacinia Orci, Consectetuer Euismod Est','Sem Ut Cursus Luctus, Ipsum Leo Elementum Sem, Vitae Aliquam Eros Turpis Non Enim.',15,{d '2006-04-14'},37.99);
INSERT INTO BOOKS.Books (Id,Title,Description,Publisherid,Publicationdate,Price) VALUES (4,'Vitae Sodales','Rhoncus. Nullam Velit Dui, Semper Et, Lacinia Vitae, Sodales At,',1,{d '2007-05-21'},64.99);
INSERT INTO BOOKS.Books (Id,Title,Description,Publisherid,Publicationdate,Price) VALUES (5,'Posuere Cubilia Curae Phasellus Ornare.','Risus A Ultricies Adipiscing, Enim Mi Tempor Lorem, Eget Mollis Lectus Pede',7,{d '2010-05-14'},83.99);
INSERT INTO BOOKS.Books (Id,Title,Description,Publisherid,Publicationdate,Price) VALUES (6,'Tincidunt Aliquam Arcu.','Tristique Pellentesque, Tellus Sem Mollis Dui,',13,{d '2009-07-17'},31.99);
INSERT INTO BOOKS.Books (Id,Title,Description,Publisherid,Publicationdate,Price) VALUES (7,'Auctor Quis, Tristique','Vel, Faucibus Id, Libero. Donec Consectetuer Mauris Id Sapien. Cras Dolor Dolor, Tempus Non, Lacinia',7,{d '1999-06-09'},76.99);
INSERT INTO BOOKS.Books (Id,Title,Description,Publisherid,Publicationdate,Price) VALUES (8,'Sem. Nulla Interdum. Curabitur','Turpis. Nulla Aliquet. Proin Velit. Sed Malesuada Augue Ut',7,{d '2009-01-24'},30.99);
INSERT INTO BOOKS.Books (Id,Title,Description,Publisherid,Publicationdate,Price) VALUES (9,'Lobortis Ultrices. Vivamus Rhoncus.','Est, Mollis Non, Cursus Non, Egestas A, Dui. Cras Pellentesque. Sed Dictum.',1,{d '2004-06-25'},69.99);
INSERT INTO BOOKS.Books (Id,Title,Description,Publisherid,Publicationdate,Price) VALUES (10,'Quisque Purus Sapien, Gravida','Et Ultrices Posuere Cubilia Curae Phasellus Ornare. Fusce Mollis. Duis Sit Amet Diam Eu Dolor Egestas Rhoncus.',19,{d '2005-11-14'},34.99);
INSERT INTO BOOKS.Books (Id,Title,Description,Publisherid,Publicationdate,Price) VALUES (11,'Phasellus','Egestas. Duis Ac Arcu. Nunc Mauris.',5,{d '2003-10-19'},89.99);
INSERT INTO BOOKS.Books (Id,Title,Description,Publisherid,Publicationdate,Price) VALUES (12,'Non Massa Non','Est Mauris, Rhoncus Id, Mollis',5,{d '2002-05-04'},64.99);
INSERT INTO BOOKS.Books (Id,Title,Description,Publisherid,Publicationdate,Price) VALUES (13,'Gravida Mauris Ut Mi. Duis','Fusce Mollis. Duis Sit Amet Diam Eu Dolor Egestas Rhoncus. Proin Nisl Sem, Consequat Nec,',8,{d '2005-08-03'},25.99);
INSERT INTO BOOKS.Books (Id,Title,Description,Publisherid,Publicationdate,Price) VALUES (14,'Auctor Vitae,','Suspendisse Dui. Fusce Diam Nunc, Ullamcorper Eu, Euismod Ac, Fermentum Vel, Mauris. Integer Sem Elit, Pharetra',2,{d '2009-02-09'},84.99);
INSERT INTO BOOKS.Books (Id,Title,Description,Publisherid,Publicationdate,Price) VALUES (15,'Ultrices Posuere Cubilia','Elit, Pellentesque A, Facilisis Non, Bibendum Sed, Est. Nunc Laoreet Lectus Quis Massa. Mauris Vestibulum, Neque Sed',20,{d '2001-08-28'},77.99);
INSERT INTO BOOKS.Books (Id,Title,Description,Publisherid,Publicationdate,Price) VALUES (16,'Vitae, Aliquet Nec, Imperdiet','Cursus Purus. Nullam',6,{d '2003-08-30'},47.99);
INSERT INTO BOOKS.Books (Id,Title,Description,Publisherid,Publicationdate,Price) VALUES (17,'Parturient Montes, Nascetur Ridiculus','Ornare, Lectus Ante Dictum Mi, Ac Mattis Velit Justo Nec Ante. Maecenas Mi Felis, Adipiscing Fringilla, Porttitor Vulputate, Posuere Vulputate,',17,{d '2005-06-24'},36.99);
INSERT INTO BOOKS.Books (Id,Title,Description,Publisherid,Publicationdate,Price) VALUES (18,'Lacus. Etiam Bibendum','Facilisi. Sed Neque. Sed',18,{d '2008-01-28'},63.99);
INSERT INTO BOOKS.Books (Id,Title,Description,Publisherid,Publicationdate,Price) VALUES (19,'Luctus Lobortis.','Rutrum. Fusce Dolor Quam, Elementum At, Egestas A, Scelerisque Sed, Sapien.',5,{d '2006-08-23'},67.99);
INSERT INTO BOOKS.Books (Id,Title,Description,Publisherid,Publicationdate,Price) VALUES (20,'Dui, In Sodales Elit Erat','Sociis Natoque Penatibus Et Magnis Dis Parturient',5,{d '2002-09-29'},43.99);

INSERT INTO BOOKS.BookAuthors (BookId,AuthorId,"UPDATE") VALUES (1,7,'This is the latest update');
INSERT INTO BOOKS.BookAuthors (BookId,AuthorId,"UPDATE") VALUES (2,4,NULL);
INSERT INTO BOOKS.BookAuthors (BookId,AuthorId,"UPDATE") VALUES (2,6,'Some update');
INSERT INTO BOOKS.BookAuthors (BookId,AuthorId,"UPDATE") VALUES (3,1,NULL);
INSERT INTO BOOKS.BookAuthors (BookId,AuthorId,"UPDATE") VALUES (3,4,'No updates since a week');
INSERT INTO BOOKS.BookAuthors (BookId,AuthorId,"UPDATE") VALUES (3,5,NULL);
INSERT INTO BOOKS.BookAuthors (BookId,AuthorId,"UPDATE") VALUES (3,6,NULL);
INSERT INTO BOOKS.BookAuthors (BookId,AuthorId,"UPDATE") VALUES (4,9,NULL);
INSERT INTO BOOKS.BookAuthors (BookId,AuthorId,"UPDATE") VALUES (5,7,NULL);
INSERT INTO BOOKS.BookAuthors (BookId,AuthorId,"UPDATE") VALUES (5,5,NULL);
INSERT INTO BOOKS.BookAuthors (BookId,AuthorId,"UPDATE") VALUES (6,8,NULL);
INSERT INTO BOOKS.BookAuthors (BookId,AuthorId,"UPDATE") VALUES (6,1,NULL);
INSERT INTO BOOKS.BookAuthors (BookId,AuthorId,"UPDATE") VALUES (7,9,NULL);
INSERT INTO BOOKS.BookAuthors (BookId,AuthorId,"UPDATE") VALUES (7,8,NULL);
INSERT INTO BOOKS.BookAuthors (BookId,AuthorId,"UPDATE") VALUES (8,6,NULL);
INSERT INTO BOOKS.BookAuthors (BookId,AuthorId,"UPDATE") VALUES (9,7,NULL);
INSERT INTO BOOKS.BookAuthors (BookId,AuthorId,"UPDATE") VALUES (9,3,NULL);
INSERT INTO BOOKS.BookAuthors (BookId,AuthorId,"UPDATE") VALUES (9,6,NULL);
INSERT INTO BOOKS.BookAuthors (BookId,AuthorId,"UPDATE") VALUES (10,1,NULL);
INSERT INTO BOOKS.BookAuthors (BookId,AuthorId,"UPDATE") VALUES (10,9,NULL);

